2346,UGAGGCGGGGGGGCGAGC
2347,UGGAAGACUAGUGAUUUUGUUGUU
2348,GGGGGGGCAGGAGGGGCUCAGGG
2349,CUGGGAGGUGUGAUAUUGUGGU
2350,CUGGGAGGUGUGAUAUUGUGGU
2351,CUGGGAGGUGGAUGUUUACUUC
2352,CUGGGAGGUGUGAUAUCGUGGU
2353,CACACACACACACACACGUAU
2354,AGGAGGUGGUACUAGGGGCCAGC
2355,UCUUCUUCCUUUGCAGAGUUGA
2356,UGGGAGCUGGACUACUUC
2357,UCUGGGAGGUUGUAGCAGUGGAA
2358,UUGGGAGGGAAGACAGCUGGAGA
2359,AGGGUGGGGCUGGAGGUGGGGCU
2360,CGGGAGCUGGGGUCUGCAGGU
2361,UGGGAGGGGAGAGGCAGCAAGCA
2362,AGGAGGCAGCGCUCUCAGGAC
2363,AAAUAUAUAUAUAUAUGUACGUAU
2364,AGGAGGGAGGAGAUGGGCCAAGUU
2365,AGCAGCAUUGUACAGGGCUAUGA
2366,AGCAGCAUUGUACAGGGCUAUCA
2367,UGGGGGUGUGGGGAGAGAGAG
2368,GGGGAGCUGUGGAAGCAGUA
2369,GGGGGGUGUGGAGCCAGGGGGC
2370,AAGCAGCUGCCUCUGAGGC
2371,AAGGGAGGAGGAGCGGAGGGGCCCU
2372,AUGGGGUGAGAUGGGGAGGAGCAGC
2373,GGGGAGGUGUGCAGGGCUGG
2374,UCCCCUUCCUCCCUGCCCAG
2375,CAGGGCUGGCAGUGACAUGGGU
2376,UGGGCUGGCAGGGCAAGUGCUG
2377,UUACACAGCUGGACAGAGGCA
2378,CGACCUCGGCGACCCCUCACU
2379,CGGGCAUGCUGGGAGAGACUUU
2380,UGGGCCAGGGAGCAGCUGGUGGG
2381,UCCCUUCUUCCUGGGCCCUCA
2382,AUCCUCUUUCGUCCUUCCCACU
2383,UGGAGGAGAAGGAAGGUGAUG
2384,AGUGGGAGGACAGGAGGCAGGU
2385,CCUGAGCCCGGGCCGCGCAG
2386,CUGGGAGGGGCUGGGUUUGGC
2387,AUAUACAGGGGGAGACUCUCAU
2388,AGGGCCAGAGGAGCCUGGAGUGG
2389,GCCUGCUGGGGUGGAACCUGGU
2390,CCUCCCUGCCCGCCUCUCUGCAG
2391,ACUGCUGAGCUAGCACUUCCCG
2392,UGUCUUGCAGGCCGUCAUGCA
2393,GGGAGGUGUGAUCUCACACUCG
2394,CUGGGAGGUCAAGGCUGCAGU
2395,ACACCCUCUUUCCCUACCGCC
2396,UAGCGGGGAUUCCAAUAUUGG
2397,AUGUAUGUGUGCAUGUGCAUG
2398,UGGGUGGAAGAAGGUCUGGUU
2399,UGGGGAGGUGUGGAGUCAGCAU
2400,AGGGAGGGACGGGGGCUGUGC
2401,UGGGGGAGAUGGGGGUUGA
2402,CCUCAGGGCUGUAGAACAGGGCU
2403,UAGGGAUGGGAGGCCAGGAUGA
2404,UGGGAGCUAAGCUAUGGGUAU
2405,UCUGCCCCCUCCGCUGCUGCCA
2406,UGAGGGUGUCAGCAGGUGACG
2407,GCUCAGGGAUGAUAACUGUGCUGAGA
2408,UGAGGGAGGAGGUUGGGUA
2409,UGGGGGAGGAAGGACAGGCCAU
2410,UCGCAGACAGGGACACAUGGAGA
2411,AUAUACAGGGGGAGACUCUUAU
2412,AGGCAGGGGCUGGUGCUGGGCGGG
2413,GGAUGGAGGAGGGGUCU
2414,CCCACUGCCCCAGGUGCUGCUGG
2415,AGAGCUGAGACUAGAAAGCCCA
2416,CCUCACCCAGCUCUCUGGCCCUCU
2417,CAGGGGGACUGGGGGUGAGC
2418,UGAGGGAGUGGGUGGGAGG
2419,GCUCAUCCCCAUCUCCUUUCAG
2420,ACCCUUUUUCUCUUUCCCAG
2421,UGCUGCCUCUCCUCUUGCCUGCAG
2422,AGGAGGGAAGGGGCUGAGAACAGGA
2423,UGGGGGCUGGGAUGGGCCAUGGU
2424,UCCCCCAGGUGUGAUUCUGAUUU
2425,AGGGCUGGACUCAGCGGCGGAGCU
2426,CCCUGCUGCCUUCACCUGCCAG
2427,UCUCACCCCAACUCUGCCCCAG
2428,UGGCGGGGGUAGAGCUGGCUGC
2429,AACAUUCAUUGUUGUCGGUGGGU
2430,UGAGGACAGGGCAAAUUCACGA
2431,CCUCUUCCCCUUGUCUCUCCAG
2432,UGAGACCUCUGGGUUCUGAGCU
2433,UGGAUGACAGUGGAGGCCU
2434,AUGUAGGGCUAAAAGCCAUGGG
2435,GCAGGCACAGACAGCCCUGGC
2436,UCUGAGUUCCUGGAGCCUGGUCU
2437,UGGGGGGACAGGAUGAGAGGCUGU
2438,GUCCUCCAGGCCAUGAGCUGCGG
2439,CCCCAGGGCGACGCGGCGGG
2440,UCAGGCUCAGUCCCCUCCCGAU
2441,UGAGGGAGUAGGAUGUAUGGUU
2442,UGAGGGAGUUGGGUGUAUA
2443,CACACAAGUGGCCCCCAACACU
2444,AGUGGGAGGCCAGGGCACGGCA
2445,GUAGGGGAGGUUGGGCCAGGGA
2446,UGAGGCAGUAGAUUGAAU
2447,AGGAGGCAUCUUGAGAAAUGGA
2448,ACUGGGCAGGGCUGUGGUGAGU
2449,GCUGGGCAGGGCUUCUGAGCUCCUU
2450,AGAGUUGAGUCUGGACGUCCCG
2451,UGGGAGGGCGUGGAUGAUGGUG
2452,UCCCUCGCCUUCUCACCCUCAG
2453,UCCCUCCUUCUGUCCCCACAG
2454,GCUGGGAUUACAGGCAUGAGCC
2455,AACAUUCAUUGCUGUCGGUGGGU
2456,UUACACACAACUGAGGAUCAUA
2457,UGGGGGGACAGAUGGAGAGGACA
2458,UGCCUCCUUGGUCUCCGGCAG
2459,UGGGAGGAGGGGAUCUUGGG
2460,CCCAGCAGGACGGGAGCG
2461,CCUGGGCAGCGUGUGGCUGAAGG
2462,GGGGAACUGUAGAUGAAAAGGC
2463,CGCCCCUCCUGCCCCCACAG
2464,CAGCACCCUGUGGCUCCCACAG
2465,UGGGGGUGGUCUCUAGCCAAGG
2466,CUAUAUAUCAAACAUAUUCCU
2467,UGGCAGGGAGGCUGGGAGGGG
2468,UCUGGUCCUGGACAGGAGGC
2469,UGGGCAGGGGCUUAUUGUAGGAG
2470,UAGGCACACUUAAAGUUAUAGC
2471,UGGGAGAGCAGGGUAUUGUGGA
2472,AGGGAGGGUGUGGUAUGGAUGU
2473,UCCCUGCCCCCAUACUCCCAG
2474,UGAGUGUGUGUGUGUGAGUGUGU
2475,UCCCCUGCUCCCUUGUUCCCCAG
2476,UCACAAAUCUAUAAUAUGCAGG
2477,ACUGGGCUUGGAGUCAGAAG
2478,UUCUCUCUGUCUUUCUCUCUCAG
2479,UGGGGGAGCCAUGAGAUAAGAGCA
2480,CCACCAGGUCUAGCAUUGGGAU
2481,UAGAGAGGGGAAGGAUGUGAUGU
2482,UGGGGGAGUGCAGUGAUUGUGG
2483,CGCAGGGCCCUGGCGCAGGCAU
2484,UGGCUUCUCUUGCACACCCAG
2485,CCUCCUGCCCUCCUUGCUGU
2486,UGCCUCCUCCGUGGCCUCAG
2487,AUCUGUCUCGAUUGUUUCCAG
2488,GUGGGCUGGGCUGGGCUGGGCC
2489,CGGGUAGAGAGGGCAGUGGGAGG
2490,UAGGUAGAGUGUGAGGAGGAGGUC
2491,AUACACAUACACGCAACACACAU
2492,AAGGGGGAAGGAAACAUGGAGA
2493,CCUGCAGCGACUUGAUGGCUUCC
2494,UAUAUAUACAGCCAUGCACUC
2495,CUGGGGGUGGGGGGCUGGGCGU
2496,ACUCCAGUUUUAGUUCUCUUG
2497,UGGAGAGAGAAAAGAGACAGAAG
2498,UCUGGGCACAGGCGGAUGGACAGG
2499,UUGCCACACUGCAACACCUUACA
2500,UGCAGGGGUCGGGUGGGCCAGG
2501,GGGGCUGGGGCCGGGGCCGAGC
2502,UCUCCCUUCCUGCCCUGGCUAG
2503,GGGGGUCCCCGGUGCUCGGAUC
2504,CACCAGGGCAGAGCAGGGCUGA
2505,AAGCAGCAGUGGCAAGACUCCU
2506,CUCUUGAGGGAAGCACUUUCUGU
2507,UAGGGGGUGGCAGGCUGGCC
2508,AGGGAAGGGGACGAGGGUUGGG
2509,UCCUCCUCUACCUCAUCCCAGU
2510,GCUGCGGGCUGCGGUCAGGGCG
2511,AUAUGUAUAUGUGACUGCUACU
2512,ACAAAAAAAAAAGCCCAACCCUUC
2513,GCUGGUCUGCGUGGUGCUCGG
2514,AGGGGUGGUGUUGGGACAGCUCCGU
2515,AACAUUCAACGCUGUCGGUGAGU
2516,CCAGGGGGAUGGGCGAGCUUGGG
2517,CGCCUCUUCAGCGCUGUCUUCC
2518,GGCGGAGGGAAGUAGGUCCGUUGGU
2519,CAUCAGCACCCUAUGUCCUUUCU
2520,UAGCCUUCAGAUCUUGGUGUUUU
2521,UGGAAGGGAGAAGAGCUUUAAU
2522,AAAGACAUAGUUGCAAGAUGGG
2523,UGGGAGAGAGGACUGUGAGGC
2524,ACAGCAGGCACAGACAGGCAGU
2525,ACCUCCUGUGUGCAUGGAUUA
2526,UUACAGGCGUGAACCACCGCG
2527,CCAGAGCAGCCUGCGGUAACAGU
2528,UCUGGCUGUUGUGGUGUGCAA
2529,GCAGGUGCUCACUUGUCCUCCU
2530,ACUUCACCUGGUCCACUAGCCGU
2531,CAAAGGCCACAUUCUCCUGUGCAC
2532,AAGGGGCAGGGACGGGUGGCCC
2533,ACUGCCCUAAGUGCUCCUUCUGG
2534,GGGUGAGGGCAGGUGGUU
2535,UGCCCUCCUUUCUUCCCUC
2536,UGUGUGUGUAGAGGAAGAAGGGA
2537,CAGGCAGGGAGGUGGGACCAUG
2538,GUGAGGCGGGGCCAGGAGGGUGUGU
2539,UGGCUCAGUUCAGCAGGAACAG
2540,UGCUCAGGUUGCACAGCUGGGA
2541,CCCAGGGCUUGGAGUGGGGCAAGGUU
2542,UCAGCUCCUCUCUACCCACAG
2543,UUAAUUUUUUGUUUCGGUCACU
2544,CUCCCCUCUCUUUCCUGUUCAG
2545,CAAACCACACUGUGGUGUUAGA
2546,CGGGGAGAGAACGCAGUGACGU
2547,ACCUUCCUCUCCAUGGGUCUUU
2548,UGGGCUCAGGGUACAAAGGUU
2549,CCCUUCCCUCACUCUUCUCUCAG
2550,UCUUCACCUGCCUCUGCCUGCA
2551,CAGGGCCAGGCACAGAGUAAG
2552,CCCUGGGGUUCUGAGGACAUG
2553,UCUGGCUGUGCUGUAAUGCAG
2554,GCACCCAGGCAAGGAUUCUG
2555,CGCAGGGGCCGGGUGCUCACCG
2556,CCCUGGGCCUCUGCUCCCCAG
2557,GUAUACACCUGAUAUGUGUAUG
2558,AUCACAUUGCCAGGGAUUUCC
2559,AAUCCUUUGUCCCUGGGUGAGA
2560,CCUCUCCUCCCUGUGCCCCAG
2561,ACUGGGGGCUUUCGGGCUCUGCGU
2562,UCAGCACCAGGAUAUUGUUGGAG
2563,UGGGGCGGGGCAGGUCCCUGC
2564,CAGGCAGGUGUAGGGUGGAGC
2565,UGCCUGGGUCUCUGGCCUGCGCGU
2566,UCAGCAGGCAGGCUGGUGCAGC
2567,GGGCCUCUCUUGUCAUCCUGCAG
2568,UUUAGAGACGGGGUCUUGCUCU
2569,AUCACAUUGCCAGGGAUUACCAC
2570,UAGGGGUGGGGGAAUUCAGGGGUGU
2571,GCUUCUGUAGUGUAGUC
2572,ACUGGACUUGGAGUCAGAAGGC
2573,ACUGGACUUGGAGUCAGAAGAGUGG
2574,ACUGGACUUGGAGUCAGAAA
2575,ACUGGACUUGGAGUCAGGA
2576,AAGAGAGGAGCAGUGGUGCUGUGG
2577,CUCCUGGGGCCCGCACUCUCGC
2578,UUCUCUUUCUUUAGCCUUGUGU
2579,ACUCCAGCCCCACAGCCUCAGC
2580,UGCAGGACCAAGAUGAGCCCU
2581,UAGAGGAAGCUGUGGAGAGA
2582,CGGGGCGGCAGGGGCCUC
2583,UAAAACCCACAAUUAUGUUUGU
2584,UGUCACCCGCUCCUUGCCCAG
2585,UUGUCUCUUGUUCCUCACACAG
2586,CCCCUGGGGCUGGGCAGGCGGA
2587,CACUGUAGGUGAUGGUGAGAGUGGGCA
2588,UGGGCUGAGGGCAGGAGGCCUGU
2589,UGAGUGGGGCUCCCGGGACGGCG
2590,AUGUAUAAAUGUAUACACAC
2591,CAACCUGGAGGACUCCAUGCUG
2592,UAUCUGCUGGGCUUUCUGGUGUU
2593,UGGGGCUCAGCGAGUUU
2594,GUCCACUUCUGCCUGCCCUGCC
2595,UCCUCUUCUCCCUCCUCCCAG
2596,CGUGGAUUGUCUGGAUGCAU
2597,UGGUGGAGGAAGAGGGCAGCUC
2598,UUGGGUUUUCUCUUCAAUCCAG
2599,CGGGUGGAUCACGAUGCAAUUU
2600,ACUGUUGCUAAUAUGCAACUCU
2601,CACACAUAGCAGGUGUAUAUA
2602,CUUCUCUUCUCUCCUUCCCAG
2603,GGUGGUUGAGGCUGCAGUAAGU
2604,AGAGGCUGAGAAGGUGAUGUUG
2605,UCCCCUUCUGCAGGCCUGCUGG
2606,CCAGGAGGCGGAGGAGGUGGAG
2607,UGCUGAGGUCCGGGCUGUGCC
2608,ACCUUCUUGUAUAAGCACUGUGCUAAA
2609,GAGGCUGAUGUGAGUAGACCACU
2610,CUCUAGGAUGUGCUCAUUGCAUGGGCUGUGUAUAGUAUUAUUCAAUACCCAGAGCAUGCAGUGUGAACAUAAUAGAGAUU
2611,AAGAGGAAGAAAUGGCUGGUUCUCAG
2612,UGUAAACAUCCUUGACUGGAAG
2613,ACUGGCAUUAGUGGGACUUUU
2614,CUGGGAGAAGAGUGGUGAAGA
2615,ACCCGCCCGUCUCCCCACAG
2616,ACCAGCCUGUGUCCACCUCCAG
2617,UGAGGUGGUAGGAUGUAGA
2618,UUGGGCUGGGCUGGGUUGGG
2619,CUCCUCCACAGCCCCUGCUCAU
2620,AGCAGGGCUGGGGAUUGCA
2621,AGAUGUAUGGAAUCUGUAUAUAUC
2622,ACCAGGAGGCUGAGGCCCCU
2623,CCCAUCACCUUUCCGUCUCCCCU
2624,UUCCUUCUGUUGUCUGUGCAG
2625,AGAGGCUGGCCGUGAUGAAUUC
2626,UGGGUAGAGAAGGAGCUCAGAGGA
2627,CUGGCAGGGGGAGAGGUA
2628,GAGACUGGGGUGGGGCC
2629,UGAUUGGUACGUCUGUGGGUAG
2630,CUGGGAGAGGGUUGUUUACUCC
2631,UGGGGAGCUGAGGCUCUGGGGGUG
2632,UUCUGGAAUUCUGUGUGAGGGA
2633,UGUAAACAUCCCCGACUGGAAG
2634,GGGGCCUGGCGGUGGGCGG
2635,CGCAGACAAUGCCUACUGGCCUA
2636,UAGCACCAUUUGAAAUCAGUGUU
2637,GAAGACUUCUUGGAUUACAGGGG
2638,UCCCCUCCACUUUCCUCCUAG
2639,UACCCAGUCUCCGGUGCAGCC
2640,UAGGCAGUGUCAUUAGCUGAUUG
2641,UCAGGCAGUGUGGGUAUCAGAU
2642,ACUGGCAUGCUGCAUUUAUAUA
2643,UAAGGCACCCUUCUGAGUAGA
2644,CUCUCACCACUGCCCUCCCACAG
2645,GGGCGACAAAGCAAGACUCUUUCUU
2646,UACACAAGAAAACCAAGGCUCA
2647,CUGGGGGGAGGAGACCCUGCU
2648,AUCACAUUGCCAGUGAUUACCC
2649,CGGGGGCGGGGCCGAAGCGCG
2650,ACAGCACUGCCUGGUCAGA
2651,CACUGUUUCACCACUGGCUCUU
2652,AAAAGGCAUUGUGGUUUUUG
2653,UGUGGGUUCUGGGUUGGGGUGA
2654,GGCAGGAGGGCUGUGCCAGGUUG
2655,UGUAAACAUCCUCGACUGGAAG
2656,UGGGGCGGAGCUUCCGGAGGCC
2657,UGGGGCGGAGCUUCCGGAG
2658,UGGCCCUUUGUACCCCUCCAG
2659,CCCCUGGGCCGGCCUUGG
2660,GGCGGCGGCGGAGGCGGGGG
2661,UUUCCAUAGGUGAUGAGUCAC
2662,GUGAGUGUGGAUCCUGGAGGAAU
2663,GUGGGGGAGAGGCUGUC
2664,GUGGGUGCUGGUGGGAGCCGUG
2665,UCUGGGCAACAAAGUGAGACCU
2666,GAGGGCAGCGUGGGUGUGGCGGA
2667,UGGGAGCCAUGAGGGUCUGUGC
2668,GGCUCCUCCUCUCAGGAUGUG
2669,AUUCUUCCUGCCCUGGCUCCAU
2670,UCUUCUCUGUUUUGGCCAUGUG
2671,GUUCCACACUGACACUGCAGAAGU
2672,AGACCCUGGUCUGCACUCUAUC
2673,AGAGGACCCGUAGCUGCUAGAAGG
2674,UCAGUGCAUGACAGAACUUGG
2675,UCCAGGCAGGAGCCGGACUGGA
2676,UUGCUCUGAGCUCCGAGAAAGC
2677,GUUCUCCCAACGUAAGCCCAGC
2678,UGGAGUCCAGGAAUCUGCAUUUU
2679,GCCCUGACCUGUCCUGUUCUG
2680,AGCUGGUGUUGUGAAUCAGGCCG
2681,UCCUGCCUUCCUCUGCACCAG
2682,UGUCUUCUCUCCUCCCAAACAG
2683,CAGGAAGGAGACAGGCAGUUCA
2684,GAGAGCAGUGUGUGUUGCCUGG
2685,CGUGGAGGACGAGGAGGAGGC
2686,AAAGACAUAGGAUAGAGUCACCUC
2687,AUGGGUGAUGGGUGUGGUGU
2688,UCAGUGCAUCACAGAACUUUGU
2689,ACAGGAGUGGGGGUGGGACAU
2690,UGGCUGUUGGAGGGGGCAGGC
2691,GGCUGGAGCGAGUGCAGUGGUG
2692,UUUGUAUGGAUAUGUGUGUGUAU
2693,UUGAGGGGAGAAUGAGGUGGAGA
2694,UGGGAACUUAGUAGAGGUUUAA
2695,GUCCCUCUCCAAAUGUGUCUUG
2696,UUGAAUUCUUGGCCUUAAGUGAU
2697,UGGAAGGAGGUUGCCGGACGCU
2698,UUGGGGGUGAGGUUGGUGUCUGG
2699,UACCUGGGAGACUGAGGUUGGA
2700,CAGGGCAGGGAAGGUGGGAGAG
2701,AGGCAUGGGAGGUCAGGUGA
2702,GCUGCACCGGAGACUGGGUAA
2703,GGGCUGGGGCGCGGGGAGGU
2704,ACUGGGAAGAGGAGCUGAGGGA
2705,AGACAUGCAACUCAAGAAUAUAUUGAGAGCUCAUCCAUAGUUGUCACUGUCUCAAAUCAGUGACAACUAUGGAUGAGCUCUUAAUAUAUCCCAGGC
2706,GUGAGUCAGGGUGGGGCUGG
2707,ACUGUAGUAUGGGCACUUCCAG
2708,CGGGGCAGCUCAGUACAGGAU
2709,UUCUCCCACUACCAGGCUCCCA
2710,UAAUGCAUUAAAUUAUUGAAGG
2711,UGGAUUUUUGGAUCAGGGA
2712,CAGGGAGGUGAAUGUGAU
2713,UGGGGGCUGGAUGGGGUAGAGU
2714,ACUGGACUUGGUGUCAGAUGG
2715,UUUGGUCCCCUUCAACCAGCUG
2716,UUUGGUCCCCUUCAACCAGCUA
2717,CCUCCCAUGCCAAGAACUCCC
2718,CCCUCAUCUUCCCCUCCUUUC
2719,ACACUUGUUGGGAUGACCUGC
2720,UUGGAGGGUGUGGAAGACAUC
2721,CCCUCUCUGGCUCCUCCCCAAA
2722,CCUGCUGGUCAGGAGUGGAUACUG
2723,AGCCGCUCUUCUCCCUGCCCACA
2724,UCUCUCUCCCACUUCCCUGCAG
2725,ACUGUCACUUCUCUGCCCAUAG
2726,UCAGUCACAUAUCUAGUGUCUA
2727,AUCCUCUCUUCCCUCCUCCCAG
2728,UCCCUCUCCCACCCCUUGCAG
2729,GCAGCCCAGCUGAGGCCUCUG
2730,GCUCCCUCUAGGGUCGCUCGGA
2731,AGCUGUCUGUGUUUUCCUUCUCAG
2732,UGACCUGGGACUCGGACAGCUG
2733,GUGAGGGCAUGCAGGCCUGGAUGGGG
2734,AACACACCUGGUUAACCUCUUU
2735,UUCACCCCUCUCACCUAAGCAG
2736,ACACAGUGCUUCAUCCACUACU
2737,AGACAUCAAGAUCAGUCCCAAA
2738,CAGCCACAACUACCCUGCCACU
2739,UAGGAUUACAAGUGUCGGCCAC
2740,GGUGGCCCGGCCGUGCCUGAGG
2741,CCCCACCUCCUCUCUCCUCAG
2742,CAGGCAGAAGUGGGGCUGACAGG
2743,UGCCCUUCUCUCCUCCUGCCU
2744,GCCCAGGACUUUGUGCGGGGUG
2745,ACAGCCCAGCAGUUAUCACGGG
2746,CAGGAAGGAUUUAGGGACAGGC
2747,UUGUGUGAGUACAGAGAGCAUC
2748,GUGAGUGUGGAUUUGGCGGGGUU
2749,CCAGGGAGGCUGGUUUGGAGGA
2750,CGGGGCCAUGGAGCAGCCUGUGU
2751,CUCUCCCUCUUUACCCACUAG
2752,CAUUAUUACUUUUGGUACGCG
2753,CGGGGUGGGUGAGGUCGGGC
2754,UGACACGGAGGGUGGCUUGGGAA
2755,UGCUGGGGGCCACAUGAGUGUG
2756,ACCCGUCCCGUUCGUCCCCGGA
2757,CCCAGUGUUUAGACUAUCUGUUC
2758,UGGACCUCUCCUCCCCAG
2759,UUUCUUCUUAGACAUGGCAACG
2760,UUGCAGCUGCCUGGGAGUGACUUC
2761,GGGACCAUCCUGCCUGCUGUGG
2762,ACCCCUGCCACUCACUGGCC
2763,CUGUGCGUGUGACAGCGGCUGA
2764,AUUGGGAACAUUUUGCAUGUAU
2765,CUGGGUGAGGGCAUCUGUGGU
2766,UUUCUUCUUAGACAUGGCAGCU
2767,AAGGGGCUGGGGGAGCACA
2768,CAGCCGCCGCCUGUCUCCACAG
2769,GGGAAGAGCUGUACGGCCUUC
2770,UGGGUGUAGGCUGGAGCUGAGG
2771,UGGGAUCCAGACAGUGGGAGAA
2772,UUCACAGUGGCUAAGUUCCGC
2773,AACACACCUAUUCAAGGAUUCA
2774,AGGCCAUCAGCAGUCCAAUGAA
2775,AAAUGGGUGGUCUGAGGCAA
2776,CACCCAGAUCUGCGGCCUAAU
2777,UUCACAGUGGCUAAGUUCUGC
2778,ACUCUUUCCCUGUUGCACUAC
2779,CCAGCCACGGACUGAGAGUGCAU
2780,UUGGGAUCAUUUUGCAUCCAUA
2781,UCACAGUGAACCGGUCUCUUU
2782,AGGCUCUAACUGGCUUUCCCUGCA
2783,UGAGGAGAUGCUGGGACUGA
2784,CCUCUGGGCCCUUCCUCCAG
2785,GAGGCUGAAGGAAGAUGG
2786,CAUAGCCCGGUCGCUGGUACAUGA
2787,CCAGGCUCUGCAGUGGGAACU
2788,CCAGGCUCUGCAGUGGGA
2789,UCCCUGAGACCCUUUAACCUGUGA
2790,AGCUCUGCUGCUCACUGGCAGU
2791,UGGCCCGGCGACGUCUCACGGUC
2792,UAACAAACACCUGUAAAACAGC
2793,UAGAUCUUUGACUCUGGCAGUCUCCAGG
2794,GCGGGGGUGGCGGCGGCAUCCC
2795,CAAGCCUCUCCUGCCCUUCCAG
2796,UCUCACUGUAGCCUCGAACCCC
2797,CUGGCCUCUUCUUUCUCCUAG
2798,UUUCUCUCUCCACUUCCUCAG
2799,CUCCCCGGCCUCUGCCCCCAG
2800,UUGUGGGGUUGGAGAGCUGGCUG
2801,UCCCUGAGACCCUAACUUGUGA
2802,UGGUGGGUGGGGAGGAGAAGUGC
2803,AGGAGCAGUGCCGGCCAAGGCGCC
2804,UUGCACUCUGGCCUUCUCCCAGG
2805,CGGCCCCACGCACCAGGGUAAGA
2806,UGAAGCCAGCUCUGGUCUGGGC
2807,CAGAAGGGGAGUUGGGAGCAGA
2808,CAGGAGUGGGGGGUGGGACGU
2809,UGGCGGCGGUAGUUAUGGGCUU
2810,UGAGACAGGCUUAUGCUGCUAU
2811,UAAGGAGGGGGAUGAGGGG
2812,ACCUGGGUUGUCCCCUCUAG
2813,CUCCCACAUGCAGGGUUUGCA
2814,AAGGCCUUUCUGAACCUUCAGA
2815,CAGGGGCUGGGGUUUCAGGUUCU
2816,UGUGUCACUCGAUGACCACUGU
2817,ACUGGAUUUGGAGCCAGAA
2818,GCAGGACAGGCAGAAGUGGAU
2819,GUUUCACCAUGUUGGUCAGGC
2820,UCCUGUCCCUGUCUCCUACAG
2821,UCCCAGGGUCUGGUCAGAGUUG
2822,UGUGGGUGGGAAGGACUGGAUU
2823,GGAGAUGGAGGUUGCAGUG
2824,AAUCAUACACGGUUGACCUAUU
2825,AUGGGUGAAUUUGUAGAAGGAU
2826,GGUGCAGUGCUGCAUCUCUGGU
2827,CUGCCUGUUCUUCCACUCCAG
2828,CUCGGGGCAGGCGGCUGGGAGCG
2829,GAGGGCAGAGCCAGCUUCCUGA
2830,CCGGCCGCCGGCUCCGCCCCG
2831,ACUUGGGCAGGAGGGACCCUGUAUG
2832,GAAAAUGAUGAGUAGUGACUGAUG
2833,UACAGAUGCAGAUUCUCUGACUUC
2834,ACCGUCUCUUCUGUUCCCCAG
2835,AGGCAGCGGGGUGUAGUGGAUA
2836,UGAGCACCACACAGGCCGGGCGC
2837,UCUGGCUCCGUGUCUUCACUCCC
2838,AUGGCAUCGUCCCCUGGUGGCU
2839,CUCCUCCCCUGCCUGGCCCAG
2840,UCGCCUCCUCCUCUCCC
2841,ACCAGGGCCAGCAGGGAAUGU
2842,AGCUACAUUGUCUGCUGGGUUUC
2843,GCCCUCCGCCCGUGCACCCCG
2844,AAACAAACAUGGUGCACUUCUU
2845,AGUUUUGCAGGUUUGCAUUUCA
2846,AGGUGUGUCUGUAGAGUCC
2847,UUUGAGGCUACAGUGAGAUGUG
2848,UUUUUCAUUAUUGCUCCUGACC
2849,UCUGGGGAUGAGGACAGUGUGU
2850,CUGGGGUUCUGAGACAGACAGU
2851,CUUUCAGUCGGAUGUUUACAGC
2852,GUGGAGUCCUGGGGAAUGGAGA
2853,UCUGCAGGGUUUGCUUUGAG
2854,GGGGUUCCUGGGGAUGGGAUUU
2855,AAUAAUAUCACAGUAGGUGUAC
2856,UGUUGUCAUGUUUUUUCCCUAG
2857,UUGGCCACAAUGGGUUAGAAC
2858,GCAGCAGGGUGAAACUGACACA
2859,AUGGAGCUGGAACCAGAUCAGGC
2860,GAGGCUGAGCUGAGGAG
2861,CCUCCCACACCCAAGGCUUGCA
2862,UGCCUUCCUGUCUGUG
2863,ACAGGCGGCUGUAGCAAUGGGGG
2864,UUGCUCCUGACUCUGUGCCCACA
2865,UCAGGCCAGGCACAGUGGCUCA
2866,UCUCAGCUGCUGCCCUCUCCAG
2867,UCUUUUCUUUGAGACUCACU
2868,CAUCUUCCAGUACAGUGUUGGA
2869,UAUAAAAUGAGGGCAGUAAGAC
2870,GGUGGGGGCUGUUGUUU
2871,UAGCACCAUCUGAAAUCGGUUA
2872,CUGACUGUUGCCGUCCUCCAG
2873,UGCCUGGAACAUAGUAGGGACU
2874,UCUGUAGCCUGGGAGCAAUGGGGU
2875,AGAGCUGGCUGAAGGGCAG
2876,AUUCUCUCUGGAUCCCAUGGAU
2877,CUGCCAGCCCCGUUCCAGGGCA
2878,UUCUGGAUAUGAAGACAAUCAA
2879,CAGGGAGGCGCUCACUCUCUGCU
2880,AUCUGCUCUCUUGUUCCCAG
2881,UAGGACACAUGGUCUACUUCU
2882,AGCAGGUGCGGGGCGGCG
2883,UAGGGGGCGGCUUGUGGAGUGU
2884,UCCUUCAUUCCACCGGAGUCUG
2885,CCUGGCAUAUUUGGUAUAACUU
2886,AGAAGGCACUAUGAGAUUUAGA
2887,AGCCUGGAAGCUGGAGCCUGCAGU
2888,GAAGUGCUUCGAUUUUGGGGUGU
2889,AUCCCACCUCUGCCACCA
2890,UGCUGGCUCAUUUCAUAUGUGU
2891,GGCUGGGUGCUCUUGUGCAGU
2892,UCUGAAUUGUAAGAGUUGUUA
2893,CUCGGCCGCGGCGCGUAGCCCCCGCC
2894,CAGUUGGGUCUAGGGGUCAGGA
2895,UGUCUUUCUUCUCUCCCUUGCAG
2896,AGCAGAGGCAGAGAGGCUCAGG
2897,UCAUCCUCGUCUCCCUCCCAG
2898,GGCUGGUCAGAUGGGAGUG
2899,GCAGUCCAUGGGCAUAUACAC
2900,GGAGGCCGGGGUGGGGCGGGGCGG
2901,UGUGGACAGUGAGGUAGAGGGAGU
2902,UCUGGCUAUCUCACGAGACUGU
2903,AGGCUGGAGUGAGCGGAG
2904,AGACCCUGCAGCCUUCCCACC
2905,UCAGGGAGUCAGGGGAGGGC
2906,UGAGGCCCUUGGGGCACAGUGG
2907,CGGGUGGGAGCAGAUCUUAUUGAG
2908,CAGGGCAGAGGGCACAGGAAUCUGA
2909,AAGCUCAGGUUUGAGAACUGCUGA
2910,AUAGGACUCAUAUAGUGCCAG
2911,GGGAGUGCAGGGCAGGGUUUC
2912,CAAAAACUGCAUUACUUUUGC
2913,AGGCCCUGUCCUCUGCCCCAG
2914,UCAGCAUUCAUUGGCACCAGAGA
2915,GUGUCUUUUGCUCUGCAGUCA
2916,UCUCUGCUCUGCUCUCCCCAG
2917,UGUGUACACACGUGCCAGGCGCU
2918,UUGCUUGAACCCAGGAAGUGGA
2919,GUCCGCUCGGCGGUGGCCCA
2920,AGCUUUUGGGAAUUCAGGUAGU
2921,UAUUCAUUUAUCCCCAGCCUACA
2922,UGCCUAGGCUGAGACUGCAGUG
2923,CAAAAACUGCAAUUACUUUUGC
2924,UUCCAGCCCUGGUAGGCGCCGCG
2925,CAAAUAAUACCACAGUGGGUGU
2926,GCCCUGAACGAGGGGUCUGGAG
2927,CCAGACUGUGGCUGACCAGAGG
2928,UAUUCAGAAAGGUGCCAGUCA
2929,UUCCUGGGCUUCUCCUCUGUAG
2930,CGCACCUGCCUCUCACCCACAG
2931,ACAGGGCCGCAGAUGGAGACU
2932,AGGCGGGGCGCCGCGGGACCGC
2933,ACCUGGCAGCAGGGAGCGUCGU
2934,UUCAGAUCCCAGCGGUGCCUCU
2935,UGGCUGCUUCCCUUGGUCUCCAG
2936,GACACAUGACCAUAAAUGCUAA
2937,UCAAAAUGUAGAGGAAGACCCCA
2938,UUCUGCCUCUGUCCAGGUCCUU
2939,UCAUUUUUGUGAUGUUGCAGCU
2940,CUUUCAGUCAGAUGUUUGCUGC
2941,AACUCUAGCCUGAGCAACAG
2942,GUGGCUGCACUCACUUCCUUC
2943,UCGGGGCAUGGGGGAGGGAGGCUGG
2944,UGCCCUGAGACUUUUGCUC
2945,UUCAGCCAGGCUAGUGCAGUCU
2946,CGGCUCUGGGUCUGUGGGGA
2947,AGAUAUUUUGAGUGUUUGGAAUUG
2948,UGUGGAAGGUAGACGGCCAGAGA
2949,AAACACCAUUGUCACACUCCAC
2950,UUGCAGCUGCGGUUGUAAGGU
2951,ACCCAGGUUCCCUCUGGCCGCA
2952,GCCUGGAGCUACUCCACCAUCUC
2953,AUCAGGGCUUGUGGAAUGGGAAG
2954,UGAGGAGAUCGUCGAGGUUGG
2955,UCUUUGGUUAUCUAGCUGUAUGA
2956,AUCCCACCACUGCCACCAU
2957,GGCCAGCCACCAGGAGGGCUG
2958,UUGUUCUUUGGUCUUUCAGCCA
2959,ACGGGCAGGGCAGUGCACCCUG
2960,UAGGGGCAGCAGAGGACCUGGG
2961,UGGGCUGCUGAGAAGGGGCA
2962,UUGGGGUUUGGGGUGCAGACAUUGC
2963,UCUGGCCAGCUACGUCCCCA
2964,CCCUGUGCCCGGCCCACUUCUG
2965,CUGGGACAGGAGGAGGAGGCAG
2966,ACAAAGUGCUUCCCUUUAGAGUGU
2967,CAGAGGGAAUACAGAGGGCAAU
2968,ACCUUGGCUCUAGACUGCUUACU
2969,AAAGUGCUGCGACAUUUGAGCGU
2970,GGAGACUGAUGAGUUCCCGGGA
2971,CCUGUUGAAGUGUAAUCCCCA
2972,ACUGGACUAGGAGUCAGAAGG
2973,CAUGCUGACCUCCCUCCUGCCCCAG
2974,AGGUGGGUAUGGAGGAGCCCU
2975,UGGCCAAAAAGCAGGCAGAGA
2976,GUGAGGACUCGGGAGGUGG
2977,AACAUUCAACCUGUCGGUGAGU
2978,UAAUUUUAUGUAUAAGCUAGU
2979,UUGCUCUGCUCCCCCGCCCCCAG
2980,GGGAGCCAGGAAGUAUUGAUGU
2981,AGAGGUUAUCCGUGUUAUGUUC
2982,CAAGGAGACGGGAACAUGGAGC
2983,AUCCAGUUCUCUGAGGGGGCU
2984,CGAGCCUCAAGCAAGGGACUU
2985,GCAGCAUUCAUGUCCC
2986,ACAAAGUGCUUCCCUUUAGAGU
2987,CUUUCAGUCGGAUGUUUGCAGC
2988,UGCCCAUGCCAUACUUUUGCCUCA
2989,AGGCUGGGCUGGGACGGA
2990,GAGAGGAACAUGGGCUCAGGACA
2991,UCUGUGGAGUGGGGUGCCUGU
2992,UAGGAGCUCAACAGAUGCCUGUU
2993,ACACUGUCCCCUUCUCCCCAG
2994,UGAGGUAGUAGUUUGUGCUGUU
2995,ACUGGACUUAGGGUCAGAAGGC
2996,CCAGUUACCGCUUCCGCUACCGC
2997,UGGAGAGAAAGGCAGUUCCUGA
2998,UGGAGAGAAAGGCAGUA
2999,UUGCAUGUCAGAUUGUAAUUCCC
3000,AGGACUGGACUCCCGGCAGCCC
3001,GUGCCAGCUGCAGUGGGGGAG
3002,UGGGAACGGGUUCCGGCAGACGCUG
3003,AGGAGGAAUUGGUGCUGGUCUU
3004,UAGCAGCACGUAAAUAUUGGCG
3005,CUGGGCUCGGGACGCGCGGCU
3006,CAUGGGAGUUCGGGGUGGUUGC
3007,UGGCCCUGACUGAAGACCAGCAGU
3008,ACAGUCUGCUGAGGUUGGAGC
3009,UCUGACAUCAGUGAUUCUCCUG
3010,AUCCCUUGCAGGGGCUGUUGGGU
3011,AAAAGUGCUUACAGUGCAGGUAG
3012,CAAAGUGCUUACAGUGCAGGUAG
3013,UAAAGUGCUUAUAGUGCAGGUAG
3014,UAAAGUGCUGACAGUGCAGAU
3015,UCCAGUACAGGUCUCUCAUUUC
3016,CAAAGUGCUCAUAGUGCAGGUAG
3017,UCCCUUGUCUCCUUUCCCUAG
3018,UGGGGAAGGCGUCAGUGUCGGG
3019,CGUCUUACCCAGCAGUGUUUGG
3020,UGGUGGGCACAGAAUCUGGACU
3021,CAAAGUGCUGUUCGUGCAGGUAG
3022,UGAGCCCCUGUGCCGCCCCCAG
3023,AGGAGGAUGGAGAGCUGGGCCAGA
3024,AUGAAGCCUUCUCUGCCUUACG
3025,AAAAACCACAAUUACUUUUGCACCA
3026,AAAAACCACAAUUACUUUUGCACCA
3027,CGCUUUGCUCAGCCAGUGUAG
3028,GAGGUUUUCUGGGUUUCUGUUUC
3029,CAGGUCACGUCUCUGCAGUUAC
3030,CAGGGCCUCACUGUAUCGCCCA
3031,CUCUCUACUGACUUGCAACAUA
3032,ACGCCCUUCCCCCCCUUCUUCA
3033,CCUGCAACUUUGCCUGAUCAGA
3034,AAUGGAUUUUUGGAGCAGG
3035,GUGGACCAGGAUGGCAAGGGCU
3036,AUGGCCAAAACUGCAGUUAUUUU
3037,CAGGGAGAAGGUGGAAGUGCAGA
3038,UCUCUGGGCCUGUGUCUUAGGC
3039,AAUAAUACAUGGUUGAUCUUU
3040,UGGGCCAUGCAUUUCUAGAACU
3041,CAAAAAUCUCAAUUACUUUUGC
3042,CUGGGCCCGCGGCGGGCGUGGGG
3043,CUGGAGAUAUGGAAGAGCUGUGU
3044,AUGGGGACAGGGAUCAGCAUGGC
3045,UUCACUGGAGUUUGUUUCAAUA
3046,UCCAGGGAGACAGUGUGUGAG
3047,AGGCACCAGCCAGGCAUUGCUCAGC
3048,CGGCCCGGGCUGCUGCUGUUCCU
3049,AGAAGGCCUUUCCAUCUCUGU
3050,GCUGAACUGGGCUGAGCUGGGC
3051,CCCUUGGGUCUGAUGGGGUAG
3052,AAAGGAAAGUGUAUCCUAAAAG
3053,UUGGGGUGGAGGGCCAAGGAGC
3054,UAACCCUGUCCUCUCCCUCCCAG
3055,UGCGGGGCUAGGGCUAACAGCA
3056,UGUCCUCUAGGGCCUGCAGUCU
3057,UAAAUUUCACCUUUCUGAGAAGG
3058,UAAAUUUCACCUUUCUGAGAAGA
3059,AAGCCCUGUCUCCUCCCAUCU
3060,CUUCUGCCUGCAUUCUACUCCCAG
3061,GCAGGAACUUGUGAGUCUCCU
3062,CCUGCAGAGAGGAAGCCCUUC
3063,UCUGGGUGCAGUGGGGGUU
3064,GCCCCUGGGCCUAUCCUAGAA
3065,CAAAAACUGCAGUUACUUUUGC
3066,CAAAAACUGCAGUUACUUUUGU
3067,UGGGCGAGGGCGGCUGAGCGGC
3068,CAUUACAGCACAGCCAUUCU
3069,CGCGGGCGCUCCUGGCCGCCGCC
3070,GGCGGCGGGGAGGUAGGCAG
3071,UGGUUCUAGACUUGCCAACUA
3072,UCCUGUCUUUCCUUGUUGGAGC
3073,AAAGAUCUGGAAGUGGGAGACA
3074,UGGGGAAGGCUUGGCAGGGAAGA
3075,AUCAUGAUGGGCUCCUCGGUGU
3076,UUUCUGUCUUUUCUGGUCCAG
3077,AAAAACCACAAUUACUUUU
3078,CCCUCUCUGUCCCACCCAUAG
3079,CCUGGGGACAGGGGAUUGGGGCAG
3080,ACUCCAUUUGUUUUGAUGAUGGA
3081,AGGGGCUGGCUUUCCUCUGGUC
3082,AUUGUCCUUGCUGUUUGGAGAU
3083,UCUCAGGAGUAAAGACAGAGUU
3084,CCUCCUGAUGAUUCUUCUUC
3085,AAAAGUAAUUGUGGAUUUUGCU
3086,ACUGAUUUCUUUUGGUGUUCAG
3087,UUAUAAUACAACCUGAUAAGUG
3088,UUGGACUUUUUCAGAUUUGGGGAU
3089,AACAUAGAGGAAAUUCCACGU
3090,ACAGGCAGGAUUGGGGAA
3091,AACUCUGUCUUCACUCAUGAGU
3092,UGGAAAAAACUGGUGUGUGCUU
3093,UACGGUGAGCCUGUCAUUAUUC
3094,UUGCCAGGGCAGGAGGUGGAA
3095,CAAAGUGAUGAGUAAUACUGGCUG
3096,GCCGGGGCUUUGGGUGAGGG
3097,AGGCUGUGAUGCUCUCCUGAGCCC
3098,UGAGACCAGGACUGGAUGCACC
3099,AACCAGCACCCCAACUUUGGAC
3100,CAAACCCCUGUCUACCCGCAG
3101,CGGCGGGGACGGCGAUUGGUC
3102,CAGUGGCCAGAGCCCUGCAGUG
3103,AGCCAGGCUCUGAAGGGAAAGU
3104,UAGGUGGCGCCGGAGGAGUCAUU
3105,CUGCAGACUCGACCUCCCAGGC
3106,ACCUGGCAUACAAUGUAGAUUU
3107,UGGAGACGCGGCCCUGUUGGAGU
3108,AGGGGGCGGGCUCCGGCG
3109,GAGACAGGUUCAUGCUGCUA
3110,GUUGGGGUGCAGGGGUCUGCU
3111,UGACCCCCAUGUCGCCUCUGUAG
3112,GGGACCCAGGGAGAGACGUAAG
3113,AAAGGAGGAAAUAGGCAGGCCA
3114,ACUCAAACUGUGGGGGCACU
3115,AAGGGCUUCCUCUCUGCAGGAC
3116,ACCCCACUCCUGGUACC
3117,UGUCUAUACUCUGUCACUUUAC
3118,UGUCUUACUCCCUCAGGCACAU
3119,UGUAGGAACAGUUGAAUUUUGGCU
3120,GAGCCCCUCUCUGCUCUCCAG
3121,UUCUUUGUUUUUAAUUCACAG
3122,CUGGGAUCUCCGGGGUCUUGGUU
3123,UCCUUCUGCUCCGUCCCCCAG
3124,AUUGGACUGCUGAUGGCCCGU
3125,CGCCUGCCCAGCCCUCCUGCU
3126,UACUCCAGAGGGCGUCACUCAUG
3127,GUUCAAAUCCAGAUCUAUAAC
3128,UCUGGGGUCUUGGGCCAUC
3129,CUGGGAGAAGGCUGUUUACUCU
3130,UCUGCACUGUGAGUUGGCUGGCU
3131,AAUAAUAUCACAGUAGGUGU
3132,ACCUUGCCUUGCUGCCCGGGCC
3133,AGAAGGGAAGAUGGUGAC
3134,GUCCAGUUUUCCCAGGAAUCCCU
3135,AUGGUCUCCUGUUCUCUGCAG
3136,CUCUGGGAAAUGGGACAG
3137,UCCAGCUCGGUGGCAC
3138,CACAUAUGAAGUGAGCCAGCAC
3139,CAGCCUCUGCCCUUGGCCUCC
3140,CCUGACACCCCAUCUGCCCUCA
3141,CUGUCCUAAGGUUGUUGAGUU
3142,CUGUAAUAUAAAUUUAAUUUAUU
3143,UAGCACCAUUUGAAAUCGGUUA
3144,CCUGUCUGUGCCUGCUGUACA
3145,ACUGGCAGAACACUGAAGCAGC
3146,ACUGGACUUGGAGCCAGAAG
3147,AGGGAAGGAGGCUUGGUCUUAG
3148,AUAAUACAUGGUUAACCUCUUU
3149,CGGGGCCAGAGCAGAGAGC
3150,UCUGUGAUAGAGAUUCUUUGCU
3151,CGGCUGGAGGUGUGAGGA
3152,UGUCCUCUGUUCCUCAG
3153,CCACUUGGAUCUGAAGGCUGCCC
3154,AAAGGUCAUUGUAAGGUUAAUGC
3155,UCAAAAUCAGGAGUCGGGGCUU
3156,AGGGGACCAAAGAGAUAUAUAG
3157,UCACCCUGCAUCCCGCACCCAG
3158,GUCACUGAUGUCUGUAGCUGAG
3159,UCCUCAUCACACUGCACCUUAG
3160,UAAAGUAAAUAUGCACCAAAA
3161,AGCUGUAAUUAGUCAGUUUUCU
3162,UCCGUCUCAGUUACUUUAUAGC
3163,GACUGGACAAGCUGAGGAA
3164,AUAUAAUACAACCUGCUAAGUG
3165,AAUCAUUCACGGACAACACUU
3166,GUGAGGAGGGGCUGGCAGGGAC
3167,GGUGCAGUGCUGCAUCUCUGGU
3168,UCCAGCAUCAGUGAUUUUGUUG
3169,AGGCAAGAUGCUGGCAUAGCU
3170,UACUGCAUCAGGAACUGAUUGGA
3171,GUGGGUAGGGUUUGGGGGAGAGCG
3172,AGGGAUCGCGGGCGGGUGGCGGCCU
3173,UGCACCAUGGUUGUCUGAGCAUG
3174,GGUCCAGAGGGGAGAUAGGUUC
3175,CAACGGAAUCCCAAAAGCAGCUG
3176,UCUCCCAACCCUUGUACCAGUG
3177,UAGCAGCGGGAACAGUUCUGCAG
3178,UGGUAGACUAUGGAACGUAGG
3179,UAUGGCACUGGUAGAAUUCACU
3180,GUCCCUGAGUGUAUGUGGUG
3181,GCGACGAGCCCCUCGCACAAACC
3182,UGAGUAUUACAUGGCCAAUCUC
3183,UUGAAAGGCUAUUUCUUGGUC
3184,UCCCUGUCCUCCAGGAGCUCACG
3185,AUCAACAGACAUUAAUUGGGCGC
3186,AAUUGCACUUUAGCAAUGGUGA
3187,CAAUGUUUCCACAGUGCAUCAC
3188,CAUGCCUUGAGUGUAGGACCGU
3189,UCUGCUCAUACCCCAUGGUUUCU
3190,AAGCAUUCUUUCAUUGGUUGG
3191,GAGGGUCUUGGGAGGGAUGUGAC
3192,AGGCAAGAUGCUGGCAUAGCU
3193,CUGCCCUGGCCCGAGGGACCGA
3194,UGCCUGUCUACACUUGCUGUGC
3195,CUCCUAUAUGAUGCCUUUCUUC
3196,AGCUGUCUGAAAAUGUCUU
3197,UUUCAGAUAACAGUAUUACAU
3198,AAAUUCAUGUUCAAUCUAAACC
3199,GAUCUCACUUUGUUGCCCAGG
3200,ACUGGGAUGUCACUGAAUAUGGU
3201,AUGGAGAUAGAUAUAGAAAU
3202,UUCACCACCUUCUCCACCCAGC
3203,AACAAUAUCCUGGUGCUGAGUG
3204,CUGAAGCUCAGAGGGCUCUGAU
3205,GAAGUUGUUCGUGGUGGAUUCG
3206,AGUUAAUGAAUCCUGGAAAGU
3207,GUUGUGUCAGUUUAUCAAAC
3208,CUCCUGAGCCAUUCUGAGCCUC
3209,AUGCUGACAUAUUUACUAGAGG
3210,UCAAGUCACUAGUGGUUCCGUUUAG
3211,UAUGGCUUUUUAUUCCUAUGUGA
3212,AGGAAGCCCUGGAGGGGCUGGAG
3213,UUCUCGAGGAAAGAAGCACUUUC
3214,AGGGGGAAAGUUCUAUAGUCC
3215,UGUGACUUUAAGGGAAAUGGCG
3216,AUCCUUGCUAUCUGGGUGCUA
3217,UCCAUUACACUACCCUGCCUCU
3218,AAGUAGUUGGUUUGUAUGAGAUGGUU
3219,UGUGAGGUUGGCAUUGUUGUCU
3220,AAACUCUACUUGUCCUUCUGAGU
3221,UUGCAUAGUCACAAAAGUGAUC
3222,CUUUUUGCGGUCUGGGCUUGC
3223,AUUCCUAGAAAUUGUUCAUA
3224,AAAAUGGUUCCCUUUAGAGUGU
3225,UACAGUACUGUGAUAACUGAA
3226,UCAAGAGCAAUAACGAAAAAUGU
3227,UCAGUGCACUACAGAACUUUGU
3228,UAGAUAAAAUAUUGGUACCUG
3229,UACAGUAUAGAUGAUGUACU
3230,AGGAAUGUUCCUUCUUUGCC
3231,CACUGGCUCCUUUCUGGGUAGA
3232,CUGCAAUGUAAGCACUUCUUAC
3233,UUCUCCAAAAGAAAGCACUUUCUG
3234,UACUUGGAAAGGCAUCAGUUG
3235,UAAUACUGUCUGGUAAAACCGU
3236,UAAUACUGCCUGGUAAUGAUGA
3237,UAGCAAAAACUGCAGUUACUUU
3238,UGGCAGUGUAUUGUUAGCUGGU
3239,AUUCUGCAUUUUUAGCAAGUUC
3240,UAAGUGCUUCCAUGCUU
3241,ACUUACAGACAAGAGCCUUGCUC
3242,UAACACUGUCUGGUAAAGAUGG
3243,UAACACUGUCUGGUAACGAUGU
3244,UAGUAGACCGUAUAGCGUACG
3245,UCUUGGAGUAGGUCAUUGGGUGG
3246,ACAUUUUCCAGCCCAUUCA
3247,CUCCAGAGGGAAGUACUUUCU
3248,UAAUACUGCCGGGUAAUGAUGGA
3249,UGGCAGUGUCUUAGCUGGUUGU
3250,CAGUGCAAGUGUAGAUGCCGA
3251,UAGUGCAAUAUUGCUUAUAGGGU
3252,AGGGCCCCCCCUCAAUCCUGU
3253,CUGGCCCUCUCUGCCCUUCCGU
3254,GUGUCUGGGCGGACAGCUGC
3255,UUUGGCAAUGGUAGAACUCACACU
3256,AGGCAUUGACUUCUCACUAGCU
3257,AGAGAAGAAGAUCAGCCUGCA
3258,UGUGACAGAUUGAUAACUGAAA
3259,GUGAAAUGUUUAGGACCACUAG
3260,AGUGAAUGAUGGGUUCUGACC
3261,UACCACAGGGUAGAACCACGG
3262,AUGAUCCAGGAACCUGCCUCU
3263,UUUGGACAGAAAACACGCAGGU
3264,AAGCUUUUUGCUCGAAUUAUGU
3265,UGUAGUGUUUCCUACUUUAUGGA
3266,ACAGGUGAGGUUCUUGGGAGCC
3267,UUCAAGUAAUCCAGGAUAGGCU
3268,UGGAAUGUAAGGAAGUGUGUGG
3269,AAGGCAGGGCCCCCGCUCCCC
3270,UAAGUGCUUCCAUGUUUUAGUAG
3271,CCAGACAGAAUUCUAUGCACUUUC
3272,GCCCUGUGGACUCAGUUCUGGU
3273,UCAGCAAACAUUUAUUGUGUGC
3274,AGGACCUGCGGGACAAGAUUCUU
3275,UUGAGAAUGAUGAAUCAUUAGG
3276,CUGCAAAGGGAAGCCCUUUC
3277,GCAAAGCACACGGCCUGCAGAGA
3278,GGAUUCCUGGAAAUACUGUUCU
3279,UUGCAUAUGUAGGAUGUCCCAU
3280,CUAGCACACAGAUACGCCCAGA
3281,UUGGAAGCUUGGACCAACUAGCUG
3282,AGUUAGGAUUAGGUCGUGGAA
3283,CCAUGGAUCUCCAGGUGGGU
3284,CAUAAAGUAGAAAGCACUACU
3285,CAGGGCUCAGGGAUUGGAUGGAGG
3286,AUAGCAGCAUGAACCUGUCUCA
3287,UGUGUGGAUCCUGGAGGAGGCA
3288,UGGAUUUCUUUGUGAAUCACCA
3289,AGCUUCUUUACAGUGCUGCCUUG
3290,GUCAUACACGGCUCUCCUCUCU
3291,UGUGCGCAGGGAGACCUCUCCC
3292,UGGGUUCCUGGCAUGCUGAUUU
3293,ACCACUGACCGUUGACUGUACC
3294,UAUGUGGGAUGGUAAACCGCUU
3295,CAUCUGGGCAACUGACUGAAC
3296,AUUUGUGCUUGGCUCUGUCAC
3297,UACUCUGGAGAGUGACAAUCAUG
3298,UAAUCCUUGCUACCUGGGUGAGA
3299,CUUCUUGUGCUCUAGGAUUGU
3300,UAGGCAGUGUAUUGCUAGCGGCUGU
3301,UGCUGAUGGCAGAUGUCGGGUCUG
3302,GAAAGCGCUUCUCUUUAGAGG
3303,CCAGUGUGGCUCAGCGAG
3304,UAACUGGUUGAACAACUGAACC
3305,AACAUCACAGCAAGUCUGUGCU
3306,AGUGCCUGCUAUGUGCCAGGCA
3307,UCACAGUGGUCUCUGGGAUUAU
