1,UGAGGCGGGGGGGCGAGC
2,UGGAAGACUAGUGAUUUUGUUGUU
3,GGGGGGGCAGGAGGGGCUCAGGG
4,CUGGGAGGUGUGAUAUUGUGGU
5,CUGGGAGGUGUGAUAUUGUGGU
6,CUGGGAGGUGGAUGUUUACUUC
7,CUGGGAGGUGUGAUAUCGUGGU
8,CACACACACACACACACGUAU
9,AGGAGGUGGUACUAGGGGCCAGC
10,UCUUCUUCCUUUGCAGAGUUGA
11,UGGGAGCUGGACUACUUC
12,UCUGGGAGGUUGUAGCAGUGGAA
13,UUGGGAGGGAAGACAGCUGGAGA
14,AGGGUGGGGCUGGAGGUGGGGCU
15,UGGUAGACUAUGGAACGUAGG
16,UAUGGCACUGGUAGAAUUCACU
17,GUCCCUGAGUGUAUGUGGUG
18,GCGACGAGCCCCUCGCACAAACC
19,UGAGUAUUACAUGGCCAAUCUC
20,UUGAAAGGCUAUUUCUUGGUC
21,UCCCUGUCCUCCAGGAGCUCACG
22,AUCAACAGACAUUAAUUGGGCGC
23,AAUUGCACUUUAGCAAUGGUGA
24,CAAUGUUUCCACAGUGCAUCAC
25,CAUGCCUUGAGUGUAGGACCGU
26,UCUGCUCAUACCCCAUGGUUUCU
27,AAGCAUUCUUUCAUUGGUUGG
28,GAGGGUCUUGGGAGGGAUGUGAC
29,AGGCAAGAUGCUGGCAUAGCU
30,CUGCCCUGGCCCGAGGGACCGA
31,UGCCUGUCUACACUUGCUGUGC
32,CUCCUAUAUGAUGCCUUUCUUC
33,AGCUGUCUGAAAAUGUCUU
34,UUUCAGAUAACAGUAUUACAU
35,AAAUUCAUGUUCAAUCUAAACC
36,GAUCUCACUUUGUUGCCCAGG
37,ACUGGGAUGUCACUGAAUAUGGU
38,AUGGAGAUAGAUAUAGAAAU
39,UUCACCACCUUCUCCACCCAGC
40,AACAAUAUCCUGGUGCUGAGUG
41,CUGAAGCUCAGAGGGCUCUGAU
42,GAAGUUGUUCGUGGUGGAUUCG
43,AGUUAAUGAAUCCUGGAAAGU
44,GUUGUGUCAGUUUAUCAAAC
45,CUCCUGAGCCAUUCUGAGCCUC
46,AUGCUGACAUAUUUACUAGAGG
47,UCAAGUCACUAGUGGUUCCGUUUAG
48,UAUGGCUUUUUAUUCCUAUGUGA
49,AGGAAGCCCUGGAGGGGCUGGAG
50,UUCUCGAGGAAAGAAGCACUUUC
51,AGGGGGAAAGUUCUAUAGUCC
52,UGUGACUUUAAGGGAAAUGGCG
53,AUCCUUGCUAUCUGGGUGCUA
54,UCCAUUACACUACCCUGCCUCU
55,AAGUAGUUGGUUUGUAUGAGAUGGUU
56,UGUGAGGUUGGCAUUGUUGUCU
57,AAACUCUACUUGUCCUUCUGAGU
58,UUGCAUAGUCACAAAAGUGAUC
59,CUUUUUGCGGUCUGGGCUUGC
60,AUUCCUAGAAAUUGUUCAUA
61,AAAAUGGUUCCCUUUAGAGUGU
62,UACAGUACUGUGAUAACUGAA
63,UCAAGAGCAAUAACGAAAAAUGU
64,UCAGUGCACUACAGAACUUUGU
65,UAGAUAAAAUAUUGGUACCUG
66,UACAGUAUAGAUGAUGUACU
67,AGGAAUGUUCCUUCUUUGCC
68,CACUGGCUCCUUUCUGGGUAGA
69,CUGCAAUGUAAGCACUUCUUAC
70,UUCUCCAAAAGAAAGCACUUUCUG
71,UACUUGGAAAGGCAUCAGUUG
72,UAAUACUGUCUGGUAAAACCGU
73,UAAUACUGCCUGGUAAUGAUGA
74,UAGCAAAAACUGCAGUUACUUU
75,UGGCAGUGUAUUGUUAGCUGGU
76,AUUCUGCAUUUUUAGCAAGUUC
77,UAAGUGCUUCCAUGCUU
78,ACUUACAGACAAGAGCCUUGCUC
79,UAACACUGUCUGGUAAAGAUGG
80,UAACACUGUCUGGUAACGAUGU
81,UAGUAGACCGUAUAGCGUACG
82,UCUUGGAGUAGGUCAUUGGGUGG
83,ACAUUUUCCAGCCCAUUCA
84,CUCCAGAGGGAAGUACUUUCU
85,UAAUACUGCCGGGUAAUGAUGGA
86,UGGCAGUGUCUUAGCUGGUUGU
87,CAGUGCAAGUGUAGAUGCCGA
88,UAGUGCAAUAUUGCUUAUAGGGU
89,AGGGCCCCCCCUCAAUCCUGU
90,CUGGCCCUCUCUGCCCUUCCGU
91,GUGUCUGGGCGGACAGCUGC
92,UUUGGCAAUGGUAGAACUCACACU
93,AGGCAUUGACUUCUCACUAGCU
94,AGAGAAGAAGAUCAGCCUGCA
95,UGUGACAGAUUGAUAACUGAAA
96,GUGAAAUGUUUAGGACCACUAG
97,AGUGAAUGAUGGGUUCUGACC
98,UACCACAGGGUAGAACCACGG
99,AUGAUCCAGGAACCUGCCUCU
100,UUUGGACAGAAAACACGCAGGU
101,AAGCUUUUUGCUCGAAUUAUGU
102,UGUAGUGUUUCCUACUUUAUGGA
103,ACAGGUGAGGUUCUUGGGAGCC
104,UUCAAGUAAUCCAGGAUAGGCU
105,UGGAAUGUAAGGAAGUGUGUGG
106,AAGGCAGGGCCCCCGCUCCCC
107,UAAGUGCUUCCAUGUUUUAGUAG
108,CCAGACAGAAUUCUAUGCACUUUC
109,GCCCUGUGGACUCAGUUCUGGU
110,UCAGCAAACAUUUAUUGUGUGC
111,AGGACCUGCGGGACAAGAUUCUU
112,UUGAGAAUGAUGAAUCAUUAGG
113,CUGCAAAGGGAAGCCCUUUC
114,GCAAAGCACACGGCCUGCAGAGA
115,GGAUUCCUGGAAAUACUGUUCU
116,UUGCAUAUGUAGGAUGUCCCAU
117,CUAGCACACAGAUACGCCCAGA
118,UUGGAAGCUUGGACCAACUAGCUG
119,AGUUAGGAUUAGGUCGUGGAA
120,CCAUGGAUCUCCAGGUGGGU
121,CAUAAAGUAGAAAGCACUACU
122,CAGGGCUCAGGGAUUGGAUGGAGG
123,AUAGCAGCAUGAACCUGUCUCA
124,UGUGUGGAUCCUGGAGGAGGCA
125,UGGAUUUCUUUGUGAAUCACCA
126,AGCUUCUUUACAGUGCUGCCUUG
127,GUCAUACACGGCUCUCCUCUCU
128,UGUGCGCAGGGAGACCUCUCCC
129,UGGGUUCCUGGCAUGCUGAUUU
130,ACCACUGACCGUUGACUGUACC
131,UAUGUGGGAUGGUAAACCGCUU
132,CAUCUGGGCAACUGACUGAAC
133,AUUUGUGCUUGGCUCUGUCAC
134,UACUCUGGAGAGUGACAAUCAUG
135,UAAUCCUUGCUACCUGGGUGAGA
136,CUUCUUGUGCUCUAGGAUUGU
137,UAGGCAGUGUAUUGCUAGCGGCUGU
138,UGCUGAUGGCAGAUGUCGGGUCUG
139,GAAAGCGCUUCUCUUUAGAGG
140,CCAGUGUGGCUCAGCGAG
141,UAACUGGUUGAACAACUGAACC
142,AACAUCACAGCAAGUCUGUGCU
143,AGUGCCUGCUAUGUGCCAGGCA
144,UCACAGUGGUCUCUGGGAUUAU
